Geo_FIPS,Geo_QName,Geo_FILEID,Geo_STUSAB,Geo_SUMLEV,Geo_GEOCOMP,Geo_LOGRECNO,Geo_US,Geo_REGION,Geo_DIVISION,Geo_STATECE,Geo_STATE,Geo_COUNTY,Geo_COUSUB,Geo_PLACE,Geo_TRACT,Geo_BLKGRP,Geo_CONCIT,Geo_AIANHH,Geo_AIANHHFP,Geo_AIHHTLI,Geo_AITSCE,Geo_AITS,Geo_ANRC,Geo_CBSA,Geo_CSA,Geo_METDIV,Geo_MACC,Geo_MEMI,Geo_NECTA,Geo_CNECTA,Geo_NECTADIV,Geo_UA,Geo_UACP,Geo_CDCURR,Geo_SLDU,Geo_SLDL,Geo_VTD,Geo_ZCTA3,Geo_ZCTA5,Geo_SUBMCD,Geo_SDELM,Geo_SDSEC,Geo_SDUNI,Geo_UR,Geo_PCI,Geo_TAZ,Geo_UGA,Geo_PUMA5,Geo_PUMA1,Geo_GEOID,Geo_NAME,Geo_BTTR,Geo_BTBG,Geo_PLACESE,SE_A17005_001,SE_A17005_002,SE_A17005_003,SE_A14006_001,SE_A00001_001,SE_A03001_001,SE_A03001_002,SE_A03001_003,SE_A03001_004,SE_A03001_005,SE_A03001_006,SE_A03001_007,SE_A03001_008,SE_A04001_001,SE_A04001_002,SE_A04001_003,SE_A04001_004,SE_A04001_005,SE_A04001_006,SE_A04001_007,SE_A04001_008,SE_A04001_009,SE_A04001_010,SE_A04001_011,SE_A04001_012,SE_A04001_013,SE_A04001_014,SE_A04001_015,SE_A04001_016,SE_A04001_017,ACS21_5yr_B23008001,ACS21_5yr_B23008002,ACS21_5yr_B23008003,ACS21_5yr_B23008004,ACS21_5yr_B23008005,ACS21_5yr_B23008006,ACS21_5yr_B23008007,ACS21_5yr_B23008008,ACS21_5yr_B23008009,ACS21_5yr_B23008010,ACS21_5yr_B23008011,ACS21_5yr_B23008012,ACS21_5yr_B23008013,ACS21_5yr_B23008014,ACS21_5yr_B23008015,ACS21_5yr_B23008016,ACS21_5yr_B23008017,ACS21_5yr_B23008018,ACS21_5yr_B23008019,ACS21_5yr_B23008020,ACS21_5yr_B23008021,ACS21_5yr_B23008022,ACS21_5yr_B23008023,ACS21_5yr_B23008024,ACS21_5yr_B23008025,ACS21_5yr_B23008026,ACS21_5yr_B23008027,ACS21_5yr_B23008001s,ACS21_5yr_B23008002s,ACS21_5yr_B23008003s,ACS21_5yr_B23008004s,ACS21_5yr_B23008005s,ACS21_5yr_B23008006s,ACS21_5yr_B23008007s,ACS21_5yr_B23008008s,ACS21_5yr_B23008009s,ACS21_5yr_B23008010s,ACS21_5yr_B23008011s,ACS21_5yr_B23008012s,ACS21_5yr_B23008013s,ACS21_5yr_B23008014s,ACS21_5yr_B23008015s,ACS21_5yr_B23008016s,ACS21_5yr_B23008017s,ACS21_5yr_B23008018s,ACS21_5yr_B23008019s,ACS21_5yr_B23008020s,ACS21_5yr_B23008021s,ACS21_5yr_B23008022s,ACS21_5yr_B23008023s,ACS21_5yr_B23008024s,ACS21_5yr_B23008025s,ACS21_5yr_B23008026s,ACS21_5yr_B23008027s
"55001","State Senate District 1 (2018), Wisconsin","ACSSF","wi","610","00","0012862",,,,,"55",,,,,,,,,,,,,,,,,,,,,,,,"001",,,,,,,,,,,,,,,"61000US55001","State Senate District 1 (2018)",,,,99574,97042,2532,74000,182648,182648,170072,1177,938,3442,70,2021,4928,182648,176502,167356,1138,843,3371,63,343,3388,6146,2716,39,95,71,7,1678,1540,38854,11521,9520,6760,2586,140,34,2001,712,704,8,1289,947,342,27333,21103,16698,3595,648,162,6230,2214,2066,148,4016,3564,452,575.1515,244.2424,235.7576,167.8788,136.9697,71.51515,32.72727,171.5152,120.6061,119.3939,14.54545,124.8485,116.9697,42.42424,521.8182,453.9394,351.5151,295.7576,105.4545,52.12121,408.4849,209.0909,180.6061,101.8182,364.8485,350.303,107.2727
"55002","State Senate District 2 (2018), Wisconsin","ACSSF","wi","610","00","0012863",,,,,"55",,,,,,,,,,,,,,,,,,,,,,,,"002",,,,,,,,,,,,,,,"61000US55002","State Senate District 2 (2018)",,,,98157,95745,2412,71135,183254,183254,159902,2222,7787,2711,15,2865,7752,183254,175690,157221,2184,7036,2670,15,735,5829,7564,2681,38,751,41,0,2130,1923,38808,12393,8964,5988,2858,112,6,3429,1173,1165,8,2256,2061,195,26415,19577,15161,3500,822,94,6838,2316,1895,421,4522,4031,491,539.3939,360,334.5454,282.4243,239.3939,88.48485,51.51515,294.5454,226.0606,215.7576,50.30303,255.7576,238.1818,138.7879,510.9091,521.8182,532.7273,295.1515,187.8788,141.8182,494.5454,214.5455,191.5152,92.12122,429.0909,388.4849,201.2121
"55003","State Senate District 3 (2018), Wisconsin","ACSSF","wi","610","00","0012864",,,,,"55",,,,,,,,,,,,,,,,,,,,,,,,"003",,,,,,,,,,,,,,,"61000US55003","State Senate District 3 (2018)",,,,81411,76941,4470,46341,168323,168323,87754,12909,1812,7069,63,34580,24136,168323,80950,56670,11465,1077,6986,30,284,4438,87373,31084,1444,735,83,33,34296,19698,46459,14908,7795,3993,3098,494,210,7113,1410,1325,85,5703,4472,1231,31551,17895,9426,6445,999,1025,13656,2472,2291,181,11184,9130,2054,760,504.2424,436.9697,405.4546,258.7879,85.45454,53.93939,347.8788,203.6364,203.6364,13.33333,296.3636,252.7273,129.0909,641.8182,645.4545,609.0909,376.9697,112.7273,44.84848,711.5151,460,456.3636,46.66667,526.0606,507.8788,180
"55004","State Senate District 4 (2018), Wisconsin","ACSSF","wi","610","00","0012865",,,,,"55",,,,,,,,,,,,,,,,,,,,,,,,"004",,,,,,,,,,,,,,,"61000US55004","State Senate District 4 (2018)",,,,77029,71208,5821,43732,170394,170394,39688,110056,553,8261,178,4064,7594,170394,162286,37696,109423,476,8252,153,772,5514,8108,1992,633,77,9,25,3292,2080,46673,17128,3984,2225,1337,319,103,13144,2660,2398,262,10484,7577,2907,29545,9197,7024,1434,498,241,20348,3250,2761,489,17098,13582,3516,259.394,188.4848,210.9091,164.2424,187.2727,58.78788,61.21212,166.6667,130.303,121.8182,24.24242,133.9394,113.9394,69.69697,226.6667,346.6667,343.6364,229.0909,113.3333,170.303,315.7576,163.6364,159.3939,25.45455,274.5454,226.6667,138.1818
"55005","State Senate District 5 (2018), Wisconsin","ACSSF","wi","610","00","0012866",,,,,"55",,,,,,,,,,,,,,,,,,,,,,,,"005",,,,,,,,,,,,,,,"61000US55005","State Senate District 5 (2018)",,,,95940,93443,2497,80304,179371,179371,147310,8455,689,10414,41,2972,9490,179371,168085,141785,8145,529,10361,41,317,6907,11286,5525,310,160,53,0,2655,2583,36822,12561,9780,7136,2345,232,67,2781,782,699,83,1999,1683,316,24261,17575,13416,3366,695,98,6686,2088,1929,159,4598,4144,454,446.0606,309.697,322.4243,318.1818,181.2121,52.72727,13.33333,324.8485,247.2727,244.8485,69.09091,292.1212,289.0909,139.3939,378.7879,518.7879,523.6364,299.394,221.8182,20.60606,466.6667,290.303,272.1212,95.75758,396.3636,370.303,130.303
"55006","State Senate District 6 (2018), Wisconsin","ACSSF","wi","610","00","0012867",,,,,"55",,,,,,,,,,,,,,,,,,,,,,,,"006",,,,,,,,,,,,,,,"61000US55006","State Senate District 6 (2018)",,,,71350,66129,5221,36277,160439,160439,39024,100228,591,8029,41,3979,8547,160439,148563,35268,99011,481,7979,41,316,5467,11876,3756,1217,110,50,0,3663,3080,40770,13507,2647,1687,774,134,52,10860,1929,1561,368,8931,7022,1909,27263,6870,4699,1455,449,267,20393,2676,2012,664,17717,13754,3963,433.3333,392.1212,376.3636,363.0303,238.7879,73.33334,7.878788,300.606,155.7576,153.9394,57.57576,259.394,243.0303,93.33334,455.1515,611.5151,634.5455,272.7273,113.3333,73.93939,480,253.9394,250.303,60.60606,416.9697,360,186.0606
"55007","State Senate District 7 (2018), Wisconsin","ACSSF","wi","610","00","0012868",,,,,"55",,,,,,,,,,,,,,,,,,,,,,,,"007",,,,,,,,,,,,,,,"61000US55007","State Senate District 7 (2018)",,,,104237,100848,3389,64851,174051,174051,143769,7795,990,6372,18,5248,9859,174051,155528,134765,7385,794,6321,0,670,5593,18523,9004,410,196,51,18,4578,4266,25724,9060,6604,4712,1718,174,0,2456,606,577,29,1850,1703,147,16664,10588,7501,2463,559,65,6076,1442,1372,70,4634,4012,622,456.9697,338.7879,335.1515,314.5454,236.9697,52.12121,4.848485,268.4849,115.7576,111.5152,26.06061,242.4242,235.1515,54.54546,443.0303,550.9091,524.2424,372.7273,89.09091,55.75758,404.2424,220.6061,213.3333,38.18182,378.1818,374.5454,99.39394
"55008","State Senate District 8 (2018), Wisconsin","ACSSF","wi","610","00","0012869",,,,,"55",,,,,,,,,,,,,,,,,,,,,,,,"008",,,,,,,,,,,,,,,"61000US55008","State Senate District 8 (2018)",,,,97432,94985,2447,95048,181570,181570,153194,10632,341,7593,51,2028,7731,181570,174059,149917,10415,297,7568,51,227,5584,7511,3277,217,44,25,0,1801,2147,40774,11812,10589,7496,2331,561,201,1223,416,416,0,807,704,103,28962,21941,17235,4043,482,181,7021,2349,2172,177,4672,4200,472,647.8788,421.2121,386.0606,406.0606,312.7273,28.48485,31.51515,358.1818,204.8485,200.6061,31.51515,302.4243,295.7576,86.06061,570.9091,589.697,571.5151,339.394,125.4545,57.57576,435.7576,231.5152,233.9394,58.78788,370.303,352.1212,116.3636
"55009","State Senate District 9 (2018), Wisconsin","ACSSF","wi","610","00","0012870",,,,,"55",,,,,,,,,,,,,,,,,,,,,,,,"009",,,,,,,,,,,,,,,"61000US55009","State Senate District 9 (2018)",,,,91971,89483,2488,63641,175157,175157,154502,2908,574,8884,5,2273,6011,175157,164090,148323,2752,521,8870,5,154,3465,11067,6179,156,53,14,0,2119,2546,37890,11367,8315,6140,2012,144,19,3052,1098,1020,78,1954,1474,480,26523,18673,14951,3160,431,131,7850,2308,2073,235,5542,4748,794,616.9697,403.0303,362.4243,324.8485,299.394,88.48485,23.0303,357.5757,226.6667,170.9091,138.1818,310.303,318.7879,193.9394,600.6061,643.0303,610.303,340.606,127.2727,118.1818,649.697,376.3636,358.7879,148.4848,600,577.5757,243.0303
"55010","State Senate District 10 (2018), Wisconsin","ACSSF","wi","610","00","0012871",,,,,"55",,,,,,,,,,,,,,,,,,,,,,,,"010",,,,,,,,,,,,,,,"61000US55010","State Senate District 10 (2018)",,,,99877,96852,3025,75867,182218,182218,171373,1412,442,2426,38,1017,5510,182218,178024,169130,1361,382,2412,38,196,4505,4194,2243,51,60,14,0,821,1005,38010,10843,8359,6547,1594,199,19,2484,737,699,38,1747,1390,357,27167,19701,15824,3447,395,35,7466,3021,2841,180,4445,4063,382,343.6364,276.3636,311.5151,262.4243,222.4242,91.51515,43.63636,207.2727,131.5152,128.4848,19.39394,161.8182,158.1818,86.66666,350.9091,430.9091,456.9697,275.7576,110.9091,55.15152,315.7576,184.8485,181.8182,41.81818,275.7576,267.8788,118.1818
"55011","State Senate District 11 (2018), Wisconsin","ACSSF","wi","610","00","0012872",,,,,"55",,,,,,,,,,,,,,,,,,,,,,,,"011",,,,,,,,,,,,,,,"61000US55011","State Senate District 11 (2018)",,,,96441,92967,3474,75030,176837,176837,159908,1960,450,1264,37,5394,7824,176837,160070,152784,1822,269,1255,24,198,3718,16767,7124,138,181,9,13,5196,4106,36688,10138,7679,5675,1832,110,62,2459,925,866,59,1534,1351,183,26550,18851,14806,3195,639,211,7699,2456,2384,72,5243,4530,713,409.0909,330.9091,329.0909,340,236.9697,100,124.2424,219.3939,164.8485,163.6364,28.48485,170.9091,147.2727,95.15151,370.303,458.7879,446.0606,318.1818,107.8788,81.21212,372.1212,215.7576,197.5758,67.87878,347.2727,340.606,86.06061
"55012","State Senate District 12 (2018), Wisconsin","ACSSF","wi","610","00","0012873",,,,,"55",,,,,,,,,,,,,,,,,,,,,,,,"012",,,,,,,,,,,,,,,"61000US55012","State Senate District 12 (2018)",,,,81728,78294,3434,58745,174162,174162,160649,803,6344,593,13,662,5098,174162,170211,158467,767,5880,560,13,331,4193,3951,2182,36,464,33,0,331,905,30536,9115,6458,4374,1772,179,133,2657,895,796,99,1762,1330,432,21421,14692,10841,3108,608,135,6729,2119,1694,425,4610,3847,763,183.0303,158.7879,193.9394,189.697,132.1212,40.60606,25.45455,192.7273,109.0909,94.54546,38.78788,187.8788,177.5758,57.57576,203.6364,284.8485,318.1818,206.6667,84.84849,57.57576,346.0606,160.6061,161.2121,65.45454,300.606,260,167.2727
"55013","State Senate District 13 (2018), Wisconsin","ACSSF","wi","610","00","0012874",,,,,"55",,,,,,,,,,,,,,,,,,,,,,,,"013",,,,,,,,,,,,,,,"61000US55013","State Senate District 13 (2018)",,,,101944,98336,3608,77430,180696,180696,167056,2536,335,1839,39,2089,6802,180696,170416,161840,2470,243,1682,12,287,3882,10280,5216,66,92,157,27,1802,2920,38232,11492,9112,6252,2467,359,34,2380,609,587,22,1771,1390,381,26740,19112,15329,3008,650,125,7628,2367,2251,116,5261,4736,525,664.8485,500.606,441.2121,381.2121,296.3636,186.6667,30.30303,326.6667,238.7879,223.6364,81.21212,238.7879,232.7273,81.21212,551.5151,534.5455,479.394,279.394,84.84849,43.0303,491.5151,295.7576,286.0606,76.36364,440,419.394,106.0606
"55014","State Senate District 14 (2018), Wisconsin","ACSSF","wi","610","00","0012875",,,,,"55",,,,,,,,,,,,,,,,,,,,,,,,"014",,,,,,,,,,,,,,,"61000US55014","State Senate District 14 (2018)",,,,86743,84097,2646,64603,171438,171438,159893,2919,637,1179,29,1878,4903,171438,163696,155732,2784,483,1165,22,328,3182,7742,4161,135,154,14,7,1550,1721,33419,9144,6634,4255,1977,290,112,2510,957,917,40,1553,1331,222,24275,17597,13119,3596,713,169,6678,2142,1845,297,4536,3774,762,620,379.394,378.1818,380.606,220.6061,124.2424,2.424242,207.8788,81.21212,76.9697,33.93939,190.9091,149.697,143.0303,593.3333,580.6061,603.0303,337.5757,242.4242,38.18182,491.5151,292.7273,271.5151,101.2121,412.7273,371.5151,166.0606
"55015","State Senate District 15 (2018), Wisconsin","ACSSF","wi","610","00","0012876",,,,,"55",,,,,,,,,,,,,,,,,,,,,,,,"015",,,,,,,,,,,,,,,"61000US55015","State Senate District 15 (2018)",,,,93183,88973,4210,63234,175476,175476,150168,7515,461,2011,73,6717,8531,175476,159898,144639,7318,371,1973,61,305,5231,15578,5529,197,90,38,12,6412,3300,36770,12077,7605,4993,2211,305,96,4472,1181,1106,75,3291,2623,668,24693,16205,11934,3082,796,393,8488,1967,1786,181,6521,5567,954,711.5151,464.2424,472.7273,380,269.697,54.54546,13.33333,313.3333,224.8485,223.6364,22.42424,243.0303,241.8182,67.27273,624.8485,626.0606,630.9091,294.5454,270.9091,54.54546,467.2727,303.6364,303.0303,24.24242,396.9697,395.7576,113.3333
"55016","State Senate District 16 (2018), Wisconsin","ACSSF","wi","610","00","0012877",,,,,"55",,,,,,,,,,,,,,,,,,,,,,,,"016",,,,,,,,,,,,,,,"61000US55016","State Senate District 16 (2018)",,,,108375,106024,2351,75735,190624,190624,152577,14405,317,8798,132,3123,11272,190624,176614,145418,14033,289,8779,132,285,7678,14010,7159,372,28,19,0,2838,3594,41227,14120,10581,8234,2052,215,80,3539,881,881,0,2658,2178,480,27107,16764,12944,3337,439,44,10343,2707,2618,89,7636,6687,949,293.9394,240,270.303,258.7879,160.6061,91.51515,15.75758,188.4848,110.9091,107.8788,49.09091,160,170.9091,51.51515,335.7576,345.4546,410.9091,293.9394,121.2121,33.93939,421.2121,236.3636,220.6061,70.30303,355.7576,320,114.5455
"55017","State Senate District 17 (2018), Wisconsin","ACSSF","wi","610","00","0012878",,,,,"55",,,,,,,,,,,,,,,,,,,,,,,,"017",,,,,,,,,,,,,,,"61000US55017","State Senate District 17 (2018)",,,,88511,86047,2464,61573,173130,173130,163594,1996,858,1098,10,1599,3975,173130,167911,160899,1975,732,1095,8,247,2955,5219,2695,21,126,3,2,1352,1020,36789,11394,8465,5128,2749,243,345,2929,1070,999,71,1859,1448,411,25395,18733,13345,3794,732,862,6662,2194,2055,139,4468,3847,621,647.2727,416.9697,495.1515,418.1818,291.5151,52.12121,50.90909,398.1818,241.2121,241.2121,47.27273,333.9394,278.7879,224.2424,544.8485,606.0606,626.6667,330.9091,93.93939,80.60606,552.1212,415.7576,413.3333,57.57576,466.0606,403.0303,295.7576
"55018","State Senate District 18 (2018), Wisconsin","ACSSF","wi","610","00","0012879",,,,,"55",,,,,,,,,,,,,,,,,,,,,,,,"018",,,,,,,,,,,,,,,"61000US55018","State Senate District 18 (2018)",,,,93155,90223,2932,63445,175230,175230,157533,5210,635,4448,268,1796,5340,175230,166626,152108,5053,596,4397,268,277,3927,8604,5425,157,39,51,0,1519,1413,33431,10800,7029,5397,1488,144,0,3771,1461,1329,132,2310,1800,510,22631,15922,12164,2900,822,36,6709,2392,2241,151,4317,3662,655,398.1818,258.7879,307.8788,342.4243,163.0303,56.9697,18.18182,183.0303,120,116.9697,26.06061,149.697,148.4848,57.57576,381.2121,481.8182,431.5151,235.7576,71.51515,33.33333,400,309.0909,305.4546,38.18182,302.4243,291.5151,113.9394
"55019","State Senate District 19 (2018), Wisconsin","ACSSF","wi","610","00","0012880",,,,,"55",,,,,,,,,,,,,,,,,,,,,,,,"019",,,,,,,,,,,,,,,"61000US55019","State Senate District 19 (2018)",,,,102446,99325,3121,69774,183840,183840,161006,3812,808,7796,59,3200,7159,183840,173687,156351,3646,764,7731,54,233,4908,10153,4655,166,44,65,5,2967,2251,40720,13270,9701,7055,2397,241,8,3569,1192,1059,133,2377,1975,402,27450,19567,15459,3348,583,177,7883,2222,2098,124,5661,4647,1014,234.5455,188.4848,239.3939,213.3333,214.5455,98.18182,101.8182,190.9091,124.8485,124.2424,30.30303,163.6364,152.7273,49.09091,248.4848,433.9394,494.5454,295.7576,133.3333,135.1515,431.5151,215.1515,215.1515,41.21212,412.7273,403.0303,92.12122
"55020","State Senate District 20 (2018), Wisconsin","ACSSF","wi","610","00","0012881",,,,,"55",,,,,,,,,,,,,,,,,,,,,,,,"020",,,,,,,,,,,,,,,"61000US55020","State Senate District 20 (2018)",,,,97875,94730,3145,79696,175625,175625,164151,2299,483,1508,93,1703,5388,175625,169772,162269,2212,351,1508,80,184,3168,5853,1882,87,132,0,13,1519,2220,36258,10423,8451,6129,2176,142,4,1972,574,536,38,1398,1228,170,25835,19590,15735,3317,440,98,6245,1983,1883,100,4262,3940,322,638.7879,340.606,343.6364,335.1515,235.7576,35.75758,13.33333,189.0909,130.303,123.6364,26.66667,158.1818,147.8788,107.2727,604.8485,586.6667,509.0909,353.3333,86.06061,47.87879,472.1212,250.9091,250.9091,53.93939,389.0909,325.4546,227.2727
"55021","State Senate District 21 (2018), Wisconsin","ACSSF","wi","610","00","0012882",,,,,"55",,,,,,,,,,,,,,,,,,,,,,,,"021",,,,,,,,,,,,,,,"61000US55021","State Senate District 21 (2018)",,,,94767,91042,3725,82359,177436,177436,157435,6385,537,2310,260,2974,7535,177436,161812,148097,6259,314,2295,260,361,4226,15624,9338,126,223,15,0,2613,3309,35578,10675,7406,4937,2362,58,49,3269,1053,995,58,2216,1872,344,24903,17887,13906,3384,456,141,7016,2132,1989,143,4884,4512,372,392.1212,166.0606,156.3636,101.8182,153.9394,14.54545,25.45455,70.90909,53.93939,53.93939,11.51515,38.78788,36.36364,9.69697,306.6667,276.3636,241.8182,206.6667,29.09091,6.060606,153.9394,115.1515,115.1515,11.51515,100,99.39394,16.9697
"55022","State Senate District 22 (2018), Wisconsin","ACSSF","wi","610","00","0012883",,,,,"55",,,,,,,,,,,,,,,,,,,,,,,,"022",,,,,,,,,,,,,,,"61000US55022","State Senate District 22 (2018)",,,,87706,82389,5317,54652,171480,171480,115918,27462,956,3094,114,7044,16892,171480,136512,99114,26813,505,3009,110,612,6349,34968,16804,649,451,85,4,6432,10543,41181,12810,6626,3958,2445,195,28,6184,1606,1205,401,4578,3608,970,28371,13914,10001,3120,469,324,14457,3525,3127,398,10932,9274,1658,169.0909,107.8788,106.6667,109.0909,66.66666,40.60606,11.51515,69.09091,47.87879,47.27273,5.454545,50.30303,50.30303,11.51515,140.6061,163.6364,173.9394,136.9697,80,24.84848,111.5152,50.30303,49.69697,9.69697,104.2424,84.84849,43.63636
"55023","State Senate District 23 (2018), Wisconsin","ACSSF","wi","610","00","0012884",,,,,"55",,,,,,,,,,,,,,,,,,,,,,,,"023",,,,,,,,,,,,,,,"61000US55023","State Senate District 23 (2018)",,,,90915,88155,2760,62982,178503,178503,167382,1882,426,2130,4,1356,5323,178503,173151,164395,1603,414,2121,1,519,4098,5352,2987,279,12,9,3,837,1225,41876,13293,10242,6036,3615,418,173,3051,1146,1095,51,1905,1473,432,28583,21537,15238,5189,768,342,7046,2493,2346,147,4553,3777,776,134.5455,106.6667,103.0303,82.42424,38.18182,93.33334,11.51515,45.45454,32.12121,31.51515,6.666667,42.42424,41.81818,10.90909,126.6667,140,135.1515,71.51515,11.51515,7.272727,112.7273,78.18182,66.66666,30.90909,90.30303,90.90909,9.69697
"55024","State Senate District 24 (2018), Wisconsin","ACSSF","wi","610","00","0012885",,,,,"55",,,,,,,,,,,,,,,,,,,,,,,,"024",,,,,,,,,,,,,,,"61000US55024","State Senate District 24 (2018)",,,,89473,85982,3491,61327,173569,173569,159385,1625,1054,3525,12,3029,4939,173569,166467,156496,1595,849,3520,12,305,3690,7102,2889,30,205,5,0,2724,1249,33978,10673,7606,4982,2073,307,244,3067,1141,1058,83,1926,1540,386,23305,16454,12256,3320,612,266,6851,2099,1876,223,4752,4323,429,349.0909,237.5758,205.4545,208.4848,66.06061,11.51515,6.666667,102.4242,69.09091,69.09091,11.51515,67.87878,63.0303,16.9697,231.5152,227.2727,215.7576,101.2121,7.878788,23.63636,170.303,82.42424,79.39394,14.54545,156.9697,152.7273,23.63636
"55025","State Senate District 25 (2018), Wisconsin","ACSSF","wi","610","00","0012886",,,,,"55",,,,,,,,,,,,,,,,,,,,,,,,"025",,,,,,,,,,,,,,,"61000US55025","State Senate District 25 (2018)",,,,85645,82382,3263,56521,175484,175484,158774,1947,6906,1323,132,1253,5149,175484,171465,156858,1782,6503,1313,132,247,4630,4019,1916,165,403,10,0,1006,519,32579,9704,6328,3950,2057,233,88,3376,881,776,105,2495,2136,359,22875,14874,10922,2846,804,302,8001,2432,2159,273,5569,4590,979,323.0303,112.7273,103.6364,100,61.81818,11.51515,11.51515,85.45454,36.9697,36.9697,11.51515,72.72727,42.42424,63.0303,298.7879,304.8485,319.394,112.1212,29.69697,15.15152,176.9697,53.33333,53.33333,9.090909,169.0909,79.39394,148.4848
"55026","State Senate District 26 (2018), Wisconsin","ACSSF","wi","610","00","0012887",,,,,"55",,,,,,,,,,,,,,,,,,,,,,,,"026",,,,,,,,,,,,,,,"61000US55026","State Senate District 26 (2018)",,,,122346,118896,3450,70222,197484,197484,150788,10719,749,19965,69,3425,11769,197484,181902,142562,10574,564,19859,58,851,7434,15582,8226,145,185,106,11,2574,4335,28516,10714,8414,5643,2322,388,61,2300,950,804,146,1350,1154,196,17802,12245,9159,2556,412,118,5557,1556,1324,232,4001,3661,340,326.6667,186.6667,194.5455,162.4242,112.7273,46.66667,13.93939,145.4545,38.78788,38.78788,13.93939,133.9394,104.2424,89.69697,261.2121,276.3636,264.2424,135.1515,50.30303,27.87879,135.7576,69.69697,69.69697,13.93939,129.0909,128.4848,16.9697
"55027","State Senate District 27 (2018), Wisconsin","ACSSF","wi","610","00","0012888",,,,,"55",,,,,,,,,,,,,,,,,,,,,,,,"027",,,,,,,,,,,,,,,"61000US55027","State Senate District 27 (2018)",,,,108221,105375,2846,86981,196088,196088,177616,3212,656,4081,198,2424,7901,196088,188327,174138,3115,595,4052,3,646,5778,7761,3478,97,61,29,195,1778,2123,44851,13137,10992,8148,2327,514,3,2145,548,502,46,1597,1170,427,31714,23618,18660,3739,1130,89,8096,2690,2477,213,5406,4815,591,314.5454,179.3939,162.4242,146.0606,19.39394,55.75758,11.51515,107.2727,49.09091,49.09091,11.51515,97.57576,76.9697,52.12121,276.3636,196.3636,180,172.1212,33.33333,79.39394,240.6061,93.93939,93.93939,21.21212,211.5152,214.5455,38.18182
"55028","State Senate District 28 (2018), Wisconsin","ACSSF","wi","610","00","0012889",,,,,"55",,,,,,,,,,,,,,,,,,,,,,,,"028",,,,,,,,,,,,,,,"61000US55028","State Senate District 28 (2018)",,,,95678,92471,3207,83669,177162,177162,152808,4620,670,6833,20,5600,6611,177162,163734,146923,4503,527,6600,20,1202,3959,13428,5885,117,143,233,0,4398,2652,35265,10464,8086,6303,1676,107,0,2378,807,777,30,1571,1367,204,24801,18666,14761,2935,861,109,6135,2216,2160,56,3919,3570,349,421.8182,222.4242,210.9091,164.2424,133.9394,27.27273,13.93939,115.7576,27.27273,27.27273,13.93939,113.3333,71.51515,97.57576,333.3333,335.1515,327.8788,247.2727,47.27273,9.69697,180.6061,147.8788,147.8788,13.93939,138.7879,133.3333,78.78788
"55029","State Senate District 29 (2018), Wisconsin","ACSSF","wi","610","00","0012890",,,,,"55",,,,,,,,,,,,,,,,,,,,,,,,"029",,,,,,,,,,,,,,,"61000US55029","State Senate District 29 (2018)",,,,92563,89129,3434,63898,175596,175596,156708,1026,3065,7726,137,1030,5904,175596,171058,154486,977,2910,7668,91,166,4760,4538,2222,49,155,58,46,864,1144,37254,11621,8727,6327,2052,312,36,2894,1000,880,120,1894,1676,218,25633,18664,14392,3389,773,110,6969,2293,2066,227,4676,4166,510,246.6667,142.4242,130.303,82.42424,101.2121,28.48485,11.51515,110.303,67.27273,66.66666,12.12121,87.27273,87.27273,11.51515,180,154.5455,124.2424,46.06061,93.93939,11.51515,112.7273,41.21212,40.60606,4.848485,119.3939,119.3939,11.51515
"55030","State Senate District 30 (2018), Wisconsin","ACSSF","wi","610","00","0012891",,,,,"55",,,,,,,,,,,,,,,,,,,,,,,,"030",,,,,,,,,,,,,,,"61000US55030","State Senate District 30 (2018)",,,,98628,95198,3430,62223,181231,181231,149111,5313,2464,5336,35,7269,11703,181231,160647,141611,5140,1982,5213,25,244,6432,20584,7500,173,482,123,10,7025,5271,41821,13121,8495,6117,2159,132,87,4626,1597,1487,110,3029,2346,683,28700,18732,14868,3170,494,200,9968,3204,3059,145,6764,4996,1768,251.5152,101.2121,98.78788,94.54546,115.7576,13.93939,13.93939,13.93939,13.93939,13.93939,13.93939,13.93939,13.93939,13.93939,194.5455,196.3636,194.5455,203.0303,16.9697,13.93939,93.93939,5.454545,5.454545,13.93939,93.33334,92.72727,3.030303
"55031","State Senate District 31 (2018), Wisconsin","ACSSF","wi","610","00","0012892",,,,,"55",,,,,,,,,,,,,,,,,,,,,,,,"031",,,,,,,,,,,,,,,"61000US55031","State Senate District 31 (2018)",,,,98292,95025,3267,65531,178934,178934,163100,1827,1408,4069,515,2523,5492,178934,171821,160082,1664,1327,4065,479,132,4072,7113,3018,163,81,4,36,2391,1420,36200,11314,8490,6071,2172,193,54,2824,1041,983,58,1783,1498,285,24886,18274,14642,3004,508,120,6612,2798,2633,165,3814,3256,558,116.9697,92.72727,116.3636,62.42424,110.303,14.54545,11.51515,73.33334,20.60606,18.18182,10.30303,72.12122,69.09091,60,109.0909,156.9697,144.8485,128.4848,35.15152,17.57576,134.5455,73.33334,57.57576,42.42424,124.2424,124.8485,46.06061
"55032","State Senate District 32 (2018), Wisconsin","ACSSF","wi","610","00","0012893",,,,,"55",,,,,,,,,,,,,,,,,,,,,,,,"032",,,,,,,,,,,,,,,"61000US55032","State Senate District 32 (2018)",,,,91949,89501,2448,61445,178800,178800,163589,2450,411,5465,49,1434,5402,178800,174431,161661,2421,298,5450,49,143,4409,4369,1928,29,113,15,0,1291,993,37788,11794,9229,5573,2623,435,598,2565,973,895,78,1592,1397,195,25994,19332,14166,3463,782,921,6662,1972,1831,141,4690,4218,472,298.7879,172.7273,160.6061,90.30303,87.27273,135.7576,11.51515,76.36364,34.54546,34.54546,11.51515,70.90909,59.39394,40,206.6667,236.3636,220.6061,129.0909,89.09091,11.51515,120,51.51515,51.51515,11.51515,116.9697,113.9394,35.15152
"55033","State Senate District 33 (2018), Wisconsin","ACSSF","wi","610","00","0012894",,,,,"55",,,,,,,,,,,,,,,,,,,,,,,,"033",,,,,,,,,,,,,,,"61000US55033","State Senate District 33 (2018)",,,,100067,97375,2692,88769,175411,175411,158282,2722,484,5078,44,1794,7007,175411,163058,150904,2641,255,5039,44,414,3761,12353,7378,81,229,39,0,1380,3246,35287,9989,8116,5612,2423,81,0,1873,673,647,26,1200,875,325,25298,19331,14596,4248,341,146,5967,1723,1624,99,4244,3492,752,275.7576,169.697,139.3939,90.30303,102.4242,62.42424,11.51515,99.39394,33.93939,33.93939,11.51515,90.30303,70.90909,68.48485,241.8182,260,232.7273,161.2121,8.484848,11.51515,124.8485,101.8182,101.8182,11.51515,99.39394,96.36364,50.30303
